レース名,レース番号,レース種別,総周回数,日付,順位,コースID,プレイヤー名,チーム名,車両名,総合タイム,完走フラグ,ラップタイム詳細
"第1レース","1","","5","2025-07-27T05:19:42.075Z","1","1","のらとりえ","","","02:55.93","完走","1|00:59.44;2|00:20.85;3|00:36.75;4|00:37.38;5|00:21.51"
"第1レース","1","","5","2025-07-27T05:19:42.075Z","2","3","あゆみプランニング","","","03:25.30","未完走","1|00:11.38;2|02:29.88;3|00:14.07;4|00:15.00"
"第1レース","1","","5","2025-07-27T05:19:42.075Z","3","4","小山製作所","","","03:25.30","未完走","1|00:26.56;2|00:32.85;3|00:23.01;4|00:29.31"
"第1レース","1","","5","2025-07-27T05:19:42.075Z","4","2","タクミ製作所","","","03:25.30","未完走",""
"第2レース","2","","5","2025-07-27T05:34:00.687Z","1","1","鴻進テック","","","02:51.77","完走","1|00:52.64;2|00:35.57;3|00:40.32;4|00:27.00;5|00:16.23"
"第2レース","2","","5","2025-07-27T05:34:00.687Z","2","2","アタイス工業","","","03:36.59","未完走","1|00:12.23;2|01:36.63;3|00:16.80;4|01:02.94"
"第2レース","2","","5","2025-07-27T05:34:00.687Z","3","3","大阪府立東淀工業高等学校","","","03:36.59","未完走","1|00:31.07;2|00:40.29;3|00:46.08"
"第2レース","2","","5","2025-07-27T05:34:00.687Z","4","4","京都芸術大学③","","","03:36.59","未完走","1|02:49.25"
"第3レース","3","","5","2025-07-27T05:47:03.272Z","1","4","ニコニコ技術部","","アズパカ","01:36.53","完走","1|00:11.30;2|00:25.38;3|00:32.85;4|00:15.18;5|00:11.81"
"第3レース","3","","5","2025-07-27T05:47:03.272Z","2","1","やおりんゴム部","","","02:12.86","完走","1|00:29.54;2|00:17.07;3|00:20.94;4|00:33.78;5|00:31.53"
"第3レース","3","","5","2025-07-27T05:47:03.272Z","3","3","西原精工","","","02:17.87","完走","1|00:39.05;2|00:30.42;3|00:20.64;4|00:26.13;5|00:21.63"
"第3レース","3","","5","2025-07-27T05:47:03.272Z","4","2","専修大学北上高校","","イルカ","02:27.68","未完走",""
"第4レース","4","","5","2025-07-27T05:57:05.681Z","1","4","星翔高等学校","","ユーセイ","01:44.45","完走","1|00:23.87;2|00:20.67;3|00:12.24;4|00:34.65;5|00:13.01"
"第4レース","4","","5","2025-07-27T05:57:05.681Z","2","1","MACHICOCO","","","02:18.14","未完走","1|00:23.54;2|00:26.36;3|00:46.89;4|00:11.10"
"第4レース","4","","5","2025-07-27T05:57:05.681Z","3","2","FACTAS","","","02:18.14","未完走","1|01:04.41;2|00:20.69;3|00:29.13"
"第4レース","4","","5","2025-07-27T05:57:05.681Z","4","3","京都芸術大学①","","","02:18.14","未完走","1|00:20.60;2|00:36.93"
"第5レース","5","","5","2025-07-27T06:07:52.835Z","1","3","ドンゴロスプロジェクト","","","02:08.90","完走","1|00:38.18;2|00:26.52;3|00:17.42;4|00:18.72;5|00:28.05"
"第5レース","5","","5","2025-07-27T06:07:52.835Z","2","1","三輪鉱油","","","02:31.28","未完走","1|00:25.88;2|00:28.89;3|00:13.65;4|00:23.34"
"第5レース","5","","5","2025-07-27T06:07:52.835Z","3","2","大阪工業大学","","OIT-R V2","02:31.28","未完走","1|00:17.24;2|00:25.20;3|00:22.62"
"第5レース","5","","5","2025-07-27T06:07:52.835Z","4","4","ヤマナカゴーキン","","","02:31.28","未完走","1|00:16.10;2|00:13.44;3|00:24.54"
"第6レース","6","","5","2025-07-27T06:24:44.085Z","1","1","東京科学大学","","","03:07.40","完走","1|00:33.04;2|00:30.27;3|00:40.11;4|00:19.80;5|01:04.17"
"第6レース","6","","5","2025-07-27T06:24:44.085Z","2","2","星翔高等学校","","アキとリク","03:28.61","未完走","1|00:07.36;2|01:55.05;3|00:22.05;4|00:29.76"
"第6レース","6","","5","2025-07-27T06:24:44.085Z","3","3","京都芸術大学②","","","03:28.61","未完走",""
"第6レース","6","","5","2025-07-27T06:24:44.085Z","4","4","福井大学","","","03:28.61","未完走",""
"第7レース","7","","5","2025-07-27T06:35:03.687Z","1","2","川重テクノロジー","","","02:01.21","完走","1|00:54.85;2|00:16.23;3|00:14.70;4|00:23.07;5|00:12.36"
"第7レース","7","","5","2025-07-27T06:35:03.687Z","2","3","星翔高等学校","","匠くん","02:24.16","未完走","1|01:04.39;2|00:22.44;3|00:21.24;4|00:28.05"
"第7レース","7","","5","2025-07-27T06:35:03.687Z","3","4","大阪工業大学","","彩建レインボー","02:24.16","未完走","1|00:28.36"
"第8レース","8","","5","2025-07-27T06:42:57.043Z","1","2","FACTORY KURA","","","02:11.32","完走","1|00:45.79;2|00:19.17;3|00:29.18;4|00:20.40;5|00:16.77"
"第8レース","8","","5","2025-07-27T06:42:57.043Z","2","4","岩田精工","","","02:39.46","未完走","1|00:25.84;2|00:52.65;3|00:23.10;4|00:37.43"
"第8レース","8","","5","2025-07-27T06:42:57.043Z","3","3","専修大学北上高校","","コウカサス","02:39.46","未完走","1|00:27.13"
"敗者復活戦 第1レース","1","敗者復活戦","5","2025-07-27T07:02:07.824Z","1","3","ヤマナカゴーキン","","","02:00.47","完走","1|00:26.48;2|00:23.40;3|00:15.75;4|00:38.88;5|00:15.95"
"敗者復活戦 第1レース","1","敗者復活戦","5","2025-07-27T07:02:07.824Z","2","4","小山製作所","","","02:18.83","未完走","1|00:54.68;2|00:47.34"
"敗者復活戦 第1レース","1","敗者復活戦","5","2025-07-27T07:02:07.824Z","3","2","京都芸術大学②","","","02:18.83","未完走",""
"敗者復活戦 第2レース","2","敗者復活戦","5","2025-07-27T07:05:13.640Z","1","3","あゆみプランニング","","","01:26.11","完走","1|00:20.45;2|00:13.26;3|00:07.92;4|00:24.33;5|00:20.15"
"敗者復活戦 第2レース","2","敗者復活戦","5","2025-07-27T07:05:13.640Z","2","2","大阪工業大学","","OIT-R V2","01:49.94","未完走","1|00:24.23;2|00:16.94;3|00:18.42;4|00:21.75"
"敗者復活戦 第2レース","2","敗者復活戦","5","2025-07-27T07:05:13.640Z","3","4","大阪府立東淀工業高等学校","","","01:49.94","未完走","1|00:20.30;2|00:18.63;3|00:20.06;4|00:22.01"
"敗者復活戦 第3レース","3","敗者復活戦","5","2025-07-27T07:08:40.423Z","1","4","星翔高等学校","","アキとリク","01:28.76","完走","1|00:10.25;2|00:18.39;3|00:25.20;4|00:22.97;5|00:11.94"
"敗者復活戦 第3レース","3","敗者復活戦","5","2025-07-27T07:08:40.423Z","2","2","タクミ製作所","","","01:30.17","完走","1|00:12.38;2|00:19.20;3|00:25.74;4|00:21.05;5|00:11.79"
"敗者復活戦 第3レース","3","敗者復活戦","5","2025-07-27T07:08:40.423Z","3","3","アタイス工業","","","01:43.94","未完走","1|00:15.05;2|00:34.44;3|00:26.84;4|00:14.70"
"敗者復活戦 第4レース","4","敗者復活戦","5","2025-07-27T07:13:25.822Z","1","4","三輪鉱油","","","02:41.75","完走","1|00:25.16;2|00:25.76;3|00:59.94;4|00:23.58;5|00:27.29"
"敗者復活戦 第4レース","4","敗者復活戦","5","2025-07-27T07:13:25.822Z","2","3","福井大学","","","02:44.57","完走","1|00:31.13;2|00:21.54;3|01:12.32;4|00:25.62;5|00:13.94"
"敗者復活戦 第4レース","4","敗者復活戦","5","2025-07-27T07:13:25.822Z","3","2","京都芸術大学③","","","02:49.88","未完走",""
"敗者復活戦 第5レース","5","敗者復活戦","5","2025-07-27T07:16:42.106Z","1","3","FACTAS","","","02:00.14","完走","1|00:27.92;2|00:25.25;3|00:23.25;4|00:21.66;5|00:22.05"
"敗者復活戦 第5レース","5","敗者復活戦","5","2025-07-27T07:16:42.106Z","2","2","岩田精工","","","02:16.01","未完走","1|00:43.16;2|00:22.20;3|00:36.06"
"敗者復活戦 第5レース","5","敗者復活戦","5","2025-07-27T07:16:42.106Z","3","4","やおりんゴム部","","","02:16.01","未完走","1|00:30.08;2|00:39.06;3|00:40.26"
"敗者復活戦 第6レース","6","敗者復活戦","5","2025-07-27T07:21:21.619Z","1","3","西原精工","","","01:50.72","完走","1|00:27.35;2|00:16.08;3|00:16.65;4|00:29.94;5|00:20.70"
"敗者復活戦 第6レース","6","敗者復活戦","5","2025-07-27T07:21:21.619Z","2","2","京都芸術大学①","","","01:58.64","未完走","1|00:41.54;2|00:36.53;3|00:34.02"
"敗者復活戦 第6レース","6","敗者復活戦","5","2025-07-27T07:21:21.619Z","3","4","専修大学北上高校","","コウカサス","01:58.64","未完走",""
"敗者復活戦 第7レース","7","敗者復活戦","5","2025-07-27T07:27:36.265Z","1","4","大阪工業大学","","彩建レインボー","04:22.03","完走","1|00:12.21;2|00:17.25;3|00:29.22;4|00:15.60;5|03:07.74"
"敗者復活戦 第7レース","7","敗者復活戦","5","2025-07-27T07:27:36.265Z","2","3","専修大学北上高校","","イルカ","04:33.43","未完走","1|00:42.03;2|00:25.62;3|00:26.55"
"敗者復活戦 第8レース","8","敗者復活戦","5","2025-07-27T07:30:59.030Z","1","3","星翔高等学校","","匠くん","01:40.97","完走","1|00:15.95;2|00:22.62;3|00:17.61;4|00:10.44;5|00:34.34"
"敗者復活戦 第8レース","8","敗者復活戦","5","2025-07-27T07:30:59.030Z","2","4","MACHICOCO","","","02:06.20","未完走","1|00:35.99;2|00:39.15;3|00:16.35;4|00:13.17"
"タイムアタック 第1レース","1","タイムアタック","5","2025-07-27T07:41:14.667Z","1","1","鴻進テック","","","00:11.50","未完走",""
"タイムアタック 第2レース","2","タイムアタック","5","2025-07-27T07:42:25.135Z","1","1","FACTAS","","","00:20.14","未完走",""
"タイムアタック 第3レース","3","タイムアタック","5","2025-07-27T07:43:23.837Z","1","1","アタイス工業","","","00:14.02","未完走",""
"タイムアタック 第4レース","4","タイムアタック","5","2025-07-27T07:45:00.286Z","1","1","ドンゴロスプロジェクト","","","00:14.63","未完走",""
"タイムアタック 第5レース","5","タイムアタック","5","2025-07-27T07:46:07.651Z","1","1","京都芸術大学①","","","00:20.29","未完走",""
"タイムアタック 第6レース","6","タイムアタック","5","2025-07-27T07:47:22.069Z","1","1","タクミ製作所","","","00:19.99","未完走",""
"タイムアタック 第7レース","7","タイムアタック","5","2025-07-27T07:49:43.803Z","1","1","MACHICOCO","","","01:01.09","未完走","1|00:20.05"
"タイムアタック 第8レース","8","タイムアタック","5","2025-07-27T07:50:34.487Z","1","1","のらとりえ","","","00:23.14","未完走",""
"タイムアタック 第9レース","9","タイムアタック","5","2025-07-27T07:52:19.503Z","1","1","小山製作所","","","00:55.16","未完走","1|00:19.04;2|00:11.73"
"準決勝 第1レース","1","準決勝","5","2025-07-27T08:10:16.225Z","1","1","あゆみプランニング","","","01:40.00","完走","1|00:07.18;2|00:07.11;3|00:37.89;4|00:15.87;5|00:31.95"
"準決勝 第1レース","1","準決勝","5","2025-07-27T08:10:16.225Z","2","4","のらとりえ","","","01:53.98","未完走","1|00:22.93;2|00:31.47;3|00:24.09;4|00:22.46"
"準決勝 第1レース","1","準決勝","5","2025-07-27T08:10:16.225Z","3","3","ドンゴロスプロジェクト","","","01:53.98","未完走","1|00:19.12;2|01:22.23"
"準決勝 第1レース","1","準決勝","5","2025-07-27T08:10:16.225Z","4","2","ヤマナカゴーキン","","","01:53.98","未完走","1|00:18.67"
"準決勝 第2レース","2","準決勝","5","2025-07-27T08:15:09.458Z","1","4","東京科学大学","","","01:57.68","完走","1|00:39.74;2|00:23.00;3|00:13.08;4|00:15.26;5|00:26.58"
"準決勝 第2レース","2","準決勝","5","2025-07-27T08:15:09.458Z","2","1","三輪鉱油","","","02:08.51","未完走","1|00:14.06;2|00:47.07;3|00:14.33;4|00:33.12"
"準決勝 第2レース","2","準決勝","5","2025-07-27T08:15:09.458Z","3","2","星翔高等学校","","アキとリク","02:08.51","未完走","1|00:43.79"
"準決勝 第2レース","2","準決勝","5","2025-07-27T08:15:09.458Z","4","3","鴻進テック","","","02:08.51","未完走",""
"準決勝 第3レース","3","準決勝","5","2025-07-27T08:19:46.042Z","1","4","ニコニコ技術部","","アズパカ","02:00.62","完走","1|00:12.68;2|00:33.57;3|00:32.49;4|00:23.70;5|00:18.17"
"準決勝 第3レース","3","準決勝","5","2025-07-27T08:19:46.042Z","2","1","西原精工","","","02:10.52","未完走","1|01:05.81;2|00:13.37;3|00:24.21"
"準決勝 第3レース","3","準決勝","5","2025-07-27T08:19:46.042Z","3","2","FACTAS","","","02:10.52","未完走","1|00:32.84;2|00:27.24;3|00:56.07"
"準決勝 第3レース","3","準決勝","5","2025-07-27T08:19:46.042Z","4","3","星翔高等学校","","ユーセイ","02:10.52","未完走","1|00:38.60;2|00:43.35"
"準決勝 第4レース","4","準決勝","5","2025-07-27T08:23:56.794Z","1","2","大阪工業大学","","彩建レインボー","01:40.46","完走","1|00:28.37;2|00:19.97;3|00:16.05;4|00:17.04;5|00:19.02"
"準決勝 第4レース","4","準決勝","5","2025-07-27T08:23:56.794Z","2","3","FACTORY KURA","","","01:40.91","完走","1|00:20.12;2|00:31.10;3|00:19.71;4|00:15.99;5|00:13.98"
"準決勝 第4レース","4","準決勝","5","2025-07-27T08:23:56.794Z","3","1","星翔高等学校","","匠くん","01:53.15","未完走","1|00:37.07;2|01:04.59"
"準決勝 第4レース","4","準決勝","5","2025-07-27T08:23:56.794Z","4","4","川重テクノロジー","","","01:53.15","未完走",""
"決勝","1","決勝","5","2025-07-27T08:36:57.896Z","1","2","ニコニコ技術部","","アズパカ","01:07.07","完走","1|00:10.49;2|00:21.54;3|00:15.15;4|00:10.53;5|00:09.36"
"決勝","1","決勝","5","2025-07-27T08:36:57.896Z","2","1","大阪工業大学","","彩建レインボー","01:35.91","完走","1|00:13.25;2|00:20.39;3|00:17.16;4|00:17.85;5|00:27.24"
"決勝","1","決勝","5","2025-07-27T08:36:57.896Z","3","4","あゆみプランニング","","","02:12.08","完走","1|00:50.15;2|00:17.43;3|00:44.70;4|00:08.85;5|00:10.94"
"決勝","1","決勝","5","2025-07-27T08:36:57.896Z","4","3","東京科学大学","","","02:24.41","完走","1|00:29.81;2|00:27.75;3|00:30.56;4|00:33.15;5|00:23.13"